"NAME","row_count"
"Maruti 800 AC BSII","4"
"Maruti Gypsy E MG410W ST","1"
"Mahindra Jeep MM 540","2"
"Mahindra Jeep CL 500 MDI","2"
"Maruti Esteem AX","1"
"Maruti 800 Std","12"
"Mercedes-Benz E-Class 230","2"
"Maruti Omni 5 Str STD","1"
"Honda City 1.3 EXI","5"
"Maruti Zen LX","11"
"Maruti Zen LXI","7"
"Maruti Omni 5 Str STD LPG","1"
"Hyundai Accent GLE 1","1"
"Mahindra Jeep Classic","1"
"Maruti Esteem VX","1"
"Maruti 800 AC","23"
"Hyundai Santro GLS I - Euro I","3"
"Maruti Zen VXI","2"
"Maruti Wagon R VXI","9"
"Ford Ikon 1.4 ZXi","1"
"Hyundai Santro Xing GLS CNG","1"
"Hyundai Verna CRDi SX","4"
"Maruti Swift Dzire VXi","6"
"Maruti Wagon R VX","1"
"Maruti Gypsy King Hard Top","1"
"Mahindra Jeep MM 775 XDB","1"
"Maruti Wagon R VXI BS IV","29"
"Fiat Punto 1.3 Emotion","3"
"Maruti 800 DX","2"
"Maruti Alto LXi","47"
"Maruti Alto LX","35"
"Hyundai i10 Sportz 1.2","10"
"Chevrolet Beat LT","12"
"Toyota Innova 2.5 EV Diesel MS 7 Str BSIII","2"
"Maruti Omni E 8 Str STD","2"
"Maruti Zen VX","1"
"Hyundai Santro LE zipPlus","4"
"Maruti Wagon R LXI","23"
"Honda City 1.5 S MT","6"
"Tata Manza Aqua Quadrajet BS IV","2"
"Tata Manza Aura Safire BS IV","3"
"Maruti Wagon R LXI BS IV","10"
"Mahindra Bolero DI DX 7 Seater","3"
"Maruti 800 EX","2"
"Mercedes-Benz E-Class 220 CDI","1"
"Honda City VX MT","2"
"Tata Nano Lx BSIV","5"
"Hyundai Santro LP zipPlus","5"
"Maruti Gypsy King HT BSIV","2"
"Toyota Qualis FS B3","1"
"Mahindra Jeep MM 550 XDB","1"
"Hyundai Getz 1.3 GVS","1"
"Mahindra Scorpio LX","5"
"Skoda Superb 1.8 TFSI MT","3"
"Hyundai i10 Magna 1.2","4"
"Hyundai Accent CRDi","6"
"OpelCorsa 1.4 GL","1"
"Chevrolet Aveo 1.6 LT with ABS","1"
"Toyota Innova 2.0 VX 7 Seater","1"
"Ford Figo Petrol Titanium","5"
"Maruti Alto K10 2010-2014 VXI","10"
"Ambassador Classic 2000 Dsz","1"
"Maruti Alto VXi","2"
"Maruti Ritz LDi","6"
"Hyundai Santro Xing GL","2"
"Mercedes-Benz E-Class E250 CDI Elegance","2"
"Toyota Innova 2.5 G (Diesel) 8 Seater","8"
"Hyundai i20 1.2 Sportz","6"
"Maruti Alto LXi BSII","1"
"Hyundai i10 Era 1.1 iTech SE","3"
"Tata Nano Cx BSIV","2"
"Daewoo Matiz SD","1"
"Tata Indica LSI","3"
"Maruti Zen LXi BSII","1"
"Skoda Octavia Ambiente 1.9 TDI MT","1"
"Maruti Swift LXI","5"
"Nissan Micra XL","7"
"BMW X1 sDrive20d","3"
"Tata Sumo SE Plus BSIII","1"
"Hyundai Santro LE","1"
"Hyundai Santro LS zipPlus","2"
"Maruti 800 Std BSIII","1"
"Toyota Corolla H3","1"
"Volkswagen Vento Petrol Highline AT","2"
"Tata Indica Vista Aqua 1.4 TDI","7"
"Maruti Zen D PS","2"
"Hyundai Santro Xing XG","9"
"Maruti Wagon R LX","2"
"Maruti Alto LXI","5"
"Mahindra Scorpio SLE BSIV","6"
"Honda City 1.5 V AT","3"
"Audi Q5 2.0 TDI","3"
"Skoda Superb Ambition 2.0 TDI CR AT","3"
"Mahindra Scorpio VLS AT 2.2 mHAWK","4"
"Chevrolet Spark 1.0 LT","7"
"Honda City 1.3 DX","1"
"Maruti Wagon R VXI BSIII","5"
"Honda City VTEC","1"
"Ford Endeavour 3.0L 4X4 AT","2"
"Skoda Superb Elegance 2.0 TDI CR AT","5"
"Tata Indica DLX","1"
"Maruti Zen D","1"
"Fiat Palio D 1.9 EL PS","1"
"Ford Endeavour 4x2 XLT","1"
"Ford Endeavour 2.5L 4X2 MT","4"
"OpelCorsa 1.6Gls","1"
"Maruti Zen VXi - BS III","3"
"Mahindra Scorpio VLX AT 2WD BSIII","1"
"Hyundai Santro Xing XG AT","2"
"Hyundai i10 Sportz AT","1"
"Maruti Ritz VDi","22"
"Honda City 1.5 EXI","3"
"Mahindra Bolero DI DX 8 Seater","2"
"Honda City 1.5 EXI S","1"
"Audi A4 2.0 TDI","1"
"Mahindra Bolero DI","7"
"Volkswagen Vento Diesel Highline","7"
"Hyundai i10 Asta AT","1"
"Honda City 1.5 GXI","4"
"Hyundai Accent GLS","2"
"Tata Indica LXI","1"
"Mahindra Scorpio 2.6 SLX Turbo 7 Seater","3"
"Skoda Octavia Classic 1.9 TDI MT","1"
"Maruti Esteem Lxi","3"
"Ford Endeavour 4x4 XLT","2"
"Hyundai i20 Asta Option 1.4 CRDi","6"
"Maruti 800 Std BSII","3"
"Hyundai Santro GS","13"
"Chevrolet Optra Magnum 2.0 LS","3"
"Toyota Innova 2.5 E Diesel MS 7-seater","1"
"Hyundai Santro Xing XG eRLX Euro III","4"
"Hyundai Santro AT CNG","1"
"Ford Ikon 1.6 ZXI NXt","1"
"Hyundai Getz GLS","4"
"Mahindra Scorpio 2.6 CRDe","4"
"Ford Figo 1.5D Trend MT","3"
"Hyundai Getz GLX","2"
"Ford Ikon 1.3 Flair","3"
"Hyundai Getz GLS ABS","1"
"Toyota Innova 2.5 G (Diesel) 8 Seater BS IV","7"
"Maruti Zen LXi - BS III","2"
"Maruti 800 AC BSIII","7"
"Maruti Alto K10 VXI","21"
"Chevrolet Sail 1.3 LS","1"
"Tata Tiago XT","1"
"Maruti Gypsy King Hard Top Ambulance BSIV","1"
"Maruti Ciaz ZXi Plus","2"
"Hyundai Santro Xing XL eRLX Euro III","7"
"Maruti Swift 1.3 VXi","11"
"Honda BR-V i-DTEC VX MT","5"
"Maruti Swift VDI BSIV","29"
"Chevrolet Beat Diesel LT","17"
"Mahindra XUV500 W8 2WD","22"
"Chevrolet Spark 1.0 LS","15"
"Toyota Etios GD SP","3"
"BMW X1 sDrive 20d Exclusive","1"
"Volkswagen Vento 1.5 TDI Highline","5"
"Maruti Swift VDI","27"
"Mahindra Xylo D2","3"
"Tata Safari Storme VX Varicor 400","4"
"Hyundai Verna SX Diesel","4"
"Toyota Corolla Altis GL MT","1"
"Hyundai Verna 1.6 SX CRDi (O)","14"
"BMW 7 Series 730Ld","4"
"Chevrolet Sail Hatchback LT ABS","3"
"Tata Indica Vista TDI LS","7"
"Mahindra Xylo D2 BSIV","1"
"Maruti Swift VXI Deca","4"
"Maruti Swift Dzire LXi","1"
"Hyundai EON Magna Plus","24"
"Maruti Zen Estilo VXI BSIV","4"
"Ford Fusion 1.6 Duratec Petrol","1"
"Mahindra Thar DI 4X4 PS","1"
"Honda City S","3"
"Tata Zest Revotron 1.2T XMS","4"
"Chevrolet Spark 1.0 LT BS3","1"
"Maruti Omni MPI STD BSIV","8"
"Honda Amaze SX i-VTEC","2"
"Maruti Ertiga ZDI","5"
"Maruti Ciaz ZDi Plus","2"
"Ford Figo Diesel ZXI","6"
"Toyota Etios GD","7"
"Honda City V AT","1"
"Tata Indigo CR4","12"
"Hyundai Verna 1.6 SX VTVT AT","1"
"Tata Indica Vista Terra 1.4 TDI","5"
"Chevrolet Optra 1.6 LS","1"
"Toyota Innova 2.5 V Diesel 7-seater","5"
"Maruti Esteem Vxi","2"
"Tata Indica DLS","6"
"Ford Ikon 1.8 D","1"
"Maruti Wagon R LXI BSIII","2"
"Tata Indica DLE","2"
"Maruti Alto STD","3"
"Chevrolet Tavera LS B3 7 Seats BSII","1"
"Chevrolet Enjoy 1.3 TCDi LS 8","3"
"Toyota Corolla H2","1"
"Maruti Esteem Lxi - BSIII","4"
"Mahindra TUV 300 T4","1"
"Tata Manza ELAN Quadrajet BS IV","3"
"Maruti Ertiga SHVS VDI","10"
"Maruti 800 AC Uniq","3"
"Tata Indica Vista Quadrajet LX","7"
"Tata Manza Aura (ABS) Quadrajet BS IV","4"
"Ambassador CLASSIC 1500 DSL AC","2"
"Hyundai i20 Active S Petrol","2"
"Hyundai Santa Fe 4X4","1"
"Renault Duster 85PS Diesel RxE","6"
"Maruti Swift VXI Optional","2"
"Renault Scala RxL","1"
"Mahindra KUV 100 mFALCON G80 K8 5str","3"
"Chevrolet Cruze LTZ","9"
"Maruti SX4 S Cross DDiS 320 Zeta","2"
"Maruti SX4 VDI","3"
"Nissan Micra Diesel XV Premium","4"
"Maruti Alto LXi BSIII","14"
"Hyundai Santro AT","1"
"Hyundai Verna Transform SX VTVT","1"
"Fiat Linea T Jet Plus","1"
"Hyundai i10 Sportz","4"
"Mahindra Xylo E8 ABS Airbag BSIV","1"
"Tata Indigo GLS","2"
"Tata Indica Vista Aqua TDI BSIII","6"
"Nissan Micra Diesel XV","4"
"Renault Duster 85PS Diesel RxL Optional","8"
"Mahindra XUV500 W6 2WD","14"
"Mahindra Bolero 2011-2019 SLE","2"
"Renault Duster 85PS Diesel RxL","17"
"Renault Duster 110PS Diesel RxZ","9"
"Volkswagen Jetta 1.4 TSI Comfortline","3"
"Hyundai i20 Asta 1.4 CRDi","11"
"Honda Amaze EX i-Dtech","5"
"Mahindra KUV 100 mFALCON D75 K6","2"
"Maruti Ertiga VXI ABS","1"
"Hyundai Sonata AT Leather","1"
"Maruti SX4 ZXI MT BSIV","3"
"Hyundai Santro Xing XL AT eRLX Euro III","1"
"Hyundai Tucson CRDi","1"
"Maruti Swift VXI BSIV","2"
"Maruti Alto 800 LXI","59"
"Maruti Vitara Brezza ZDi Plus","5"
"Mahindra Bolero Power Plus LX","1"
"Toyota Innova Crysta 2.4 G MT BSIV","1"
"Maruti Swift Dzire VDI","69"
"Mahindra XUV500 W10 1.99 mHawk","2"
"Nissan Micra Active XV S","2"
"Hyundai Grand i10 1.2 Kappa Sportz Option","3"
"Hyundai EON Era Plus","35"
"Toyota Etios Liva G","1"
"Chevrolet Beat LS","7"
"Toyota Innova 2.5 G (Diesel) 7 Seater","10"
"BMW 5 Series 530i","1"
"Honda Civic 1.8 S AT","2"
"Honda Civic 1.8 S MT","3"
"Maruti Omni LPG STD BSIV","1"
"Mahindra Bolero SLX 4WD BSIII","1"
"Hyundai Sonata 2.4L AT","1"
"Toyota Camry Hybrid","1"
"Tata Indigo GLX","3"
"Maruti Swift 1.3 VXI ABS","4"
"Maruti Swift VXI BSIII","4"
"Chevrolet Optra 1.6","1"
"Skoda Laura L n K 1.9 PD","3"
"Hyundai Santro Xing XO","4"
"Maruti Esteem Vxi - BSIII","5"
"Toyota Innova 2.5 G (Diesel) 7 Seater BS IV","2"
"Hyundai Verna 1.6 CRDI SX Option","3"
"Hyundai i20 1.2 Magna Executive","2"
"Mahindra KUV 100 D75 K4 Plus 5Str","2"
"Renault KWID RXT Optional","6"
"Maruti Baleno Alpha 1.3","10"
"Tata Indica Vista Aqua 1.3 Quadrajet BSIV","1"
"Tata Nano Lx BSIII","1"
"Ford Fiesta Classic 1.4 SXI Duratorq","4"
"Hyundai Accent GLS 1.6 ABS","1"
"Hyundai Elantra CRDi (Leather Option)","1"
"Hyundai Santro Xing GL Plus","7"
"Hyundai Accent GLX","3"
"Ford Fiesta 1.6 ZXi Leather","2"
"Hyundai Xcent 1.1 CRDi SX Option","3"
"Ford Classic 1.6 Duratec LXI","1"
"Hyundai i20 Asta 1.2","4"
"Volkswagen Vento 1.0 TSI Highline Plus","1"
"Hyundai Verna 1.6 SX","15"
"Maruti 800 Std MPFi","1"
"Chevrolet Sail Hatchback LS ABS","1"
"Mahindra Verito 1.5 D2 BSIII","3"
"Ford EcoSport 1.5 TDCi Titanium BSIV","10"
"Tata Indica Vista Quadrajet LS","7"
"Ford Endeavour 2.5L 4X2","1"
"Toyota Innova 2.5 VX (Diesel) 8 Seater","7"
"Volkswagen Vento Diesel Trendline","2"
"Tata Zest Quadrajet 1.3 75PS XE","3"
"Tata Indica DL","1"
"Mahindra Jeep CJ 500 DI","1"
"Honda City i VTEC V","7"
"Skoda Rapid 1.6 TDI PRESTIGE","1"
"Honda Amaze E i-VTEC","2"
"Maruti Ertiga VDI","12"
"Chevrolet Captiva 2.0L VCDi","1"
"Mahindra Scorpio S2 7 Seater","3"
"Chevrolet Beat LT Option","12"
"Maruti Ertiga SHVS ZDI Plus","6"
"Chevrolet Optra Magnum 2.0 LT","3"
"Ford Figo Diesel EXI","8"
"Volkswagen Polo Diesel Trendline 1.2L","8"
"Tata Winger Deluxe - Hi Roof (AC)","1"
"Toyota Corolla Altis G","1"
"Ford Figo Diesel Titanium","14"
"Hyundai i20 1.2 Asta","4"
"Honda Civic 1.8 (E) MT","1"
"Maruti Ritz LXi","2"
"Maruti Wagon R LX Minor","6"
"Hyundai EON Era","2"
"Toyota Corolla AE","1"
"Skoda Fabia 1.2 TDI Active","1"
"Volkswagen Vento Petrol Highline","2"
"Maruti Wagon R LXI CNG","6"
"Tata New Safari DICOR 2.2 EX 4x2","13"
"Tata Indica Vista TDI LX","4"
"Honda City 1.5 V MT","6"
"Maruti Alto LX BSIII","12"
"Mahindra Xylo D2 BS IV","3"
"Chevrolet Beat Diesel","4"
"Volkswagen Vento IPL II Diesel Trendline","1"
"Hyundai Verna 1.6 SX VTVT (O)","4"
"Nissan Sunny Diesel XV","3"
"Chevrolet Tavera Neo 3 LT 9 Seats BSIII","1"
"Mahindra XUV500 W6 1.99 mHawk","1"
"Chevrolet Beat PS","4"
"Toyota Etios VD","7"
"Chevrolet Sail Hatchback 1.2 LS","3"
"Honda Jazz VX","3"
"Maruti Swift ZXI BSIV","12"
"Volkswagen Vento Diesel Style Limited Edition","2"
"Hyundai Creta 1.6 CRDi SX","19"
"Nissan Terrano XV Premium 110 PS","3"
"Maruti Alto K10 LXI","8"
"Mahindra Quanto C8","5"
"Fiat Linea Active (Diesel)","1"
"Ford Ecosport 1.0 Ecoboost Titanium Optional","4"
"Renault KWID RXT","21"
"Chevrolet Beat LT LPG","1"
"Mahindra Scorpio 2.6 SLX CRDe","2"
"Renault KWID RXL","6"
"Maruti Swift VXI","14"
"Maruti Vitara Brezza VDi","4"
"Maruti SX4 Vxi BSIV","16"
"Volkswagen Polo SR Petrol 1.2L","1"
"Mahindra Thar 4X2","2"
"Mahindra Xylo H4 ABS","1"
"Maruti Zen Estilo LXI BS IV","3"
"Ford Figo Aspire 1.5 TDCi Titanium","4"
"Datsun RediGO S","2"
"Tata Nano LX","2"
"Renault KWID 1.0","2"
"Mahindra Bolero SLX","10"
"Mahindra Scorpio 1.99 S4","3"
"Mahindra Bolero 2011-2019 SLX","4"
"Volkswagen Polo Diesel Highline 1.2L","6"
"Toyota Etios Liva GD","6"
"Ford Ecosport 1.5 Ti VCT AT Titanium","1"
"Jaguar XF 2.2 Litre Luxury","1"
"Maruti Wagon R AMT VXI","4"
"Honda City i DTec SV","3"
"Toyota Fortuner 4x2 AT","13"
"Chevrolet Enjoy TCDi LT 7 Seater","3"
"Maruti Swift Ldi BSIV","3"
"Hyundai Accent Executive","4"
"Ford Fiesta Classic 1.4 Duratorq CLXI","3"
"Maruti Alto 800 VXI","14"
"Hyundai i20 1.4 CRDi Asta","2"
"Hyundai i10 Magna 1.2 iTech SE","4"
"Hyundai Grand i10 Sportz","12"
"Volkswagen Jetta 2.0 TDI Comfortline","1"
"Ford Figo Aspire 1.2 Ti-VCT Trend","4"
"Ford Figo Petrol ZXI","2"
"Hyundai Xcent 1.1 CRDi SX","1"
"Maruti Baleno Zeta","2"
"Hyundai i20 1.4 CRDi Era","1"
"Maruti Ciaz ZXi","3"
"Chevrolet Aveo 1.6 LT","1"
"Hyundai Verna 1.4 EX","1"
"Volkswagen Vento 1.5 TDI Comfortline AT","1"
"Tata Indica GLS BS IV","15"
"Hyundai Santro Xing XS eRLX Euro III","1"
"Hyundai i20 Active SX Petrol","2"
"Mercedes-Benz M-Class ML 350 CDI","1"
"Ford Figo Diesel LXI","3"
"Mahindra KUV 100 mFALCON G80 K2","3"
"Chevrolet Aveo 1.4 CNG","1"
"Maruti Baleno Vxi","2"
"Tata Sumo GX TC 7 Str BSIII","3"
"Hyundai Getz GL","1"
"Maruti Eeco Smiles 5 Seater AC","3"
"Maruti Wagon R VXI BSII","1"
"Ford Ikon 1.3L Rocam Flair","1"
"Mahindra Bolero B6","1"
"Tata Indica Vista Terra Quadrajet 1.3L","1"
"Mahindra XUV500 W10 2WD","5"
"Hyundai Santro Xing GL Plus LPG","1"
"Toyota Etios V","3"
"Mahindra Scorpio REV 116","1"
"Maruti Zen LX - BS III","1"
"Volkswagen Polo Petrol Highline 1.2L","2"
"Chevrolet Tavera LT L1 7 Seats BSIII","1"
"Toyota Etios VX","2"
"Hyundai Santro GLS I - Euro II","1"
"Honda Civic 1.8 V AT","4"
"Tata Indica Vista Aqua 1.3 Quadrajet","3"
"Hyundai Elantra CRDi SX","1"
"Mahindra Bolero SLX 2WD BSIII","2"
"Tata Indica Vista Quadrajet VX","5"
"Volvo XC60 D5 Inscription","1"
"Honda Mobilio S i DTEC","3"
"Tata Nano Lx","7"
"Ford Endeavour Hurricane Limited Edition","1"
"Ford Freestyle Titanium Diesel BSIV","1"
"Hyundai Verna 1.6 SX VTVT","3"
"Mahindra NuvoSport N8","1"
"Mitsubishi Pajero 2.8 SFX BSIV Dual Tone","2"
"Nissan Evalia XV","2"
"Hyundai Verna CRDi ABS","2"
"Audi Q3 2.0 TDI Quattro Premium Plus","4"
"Tata Sumo Gold EX","2"
"Hyundai i10 Magna","22"
"Maruti SX4 S Cross DDiS 320 Delta","3"
"Hyundai i20 Sportz 1.4 CRDi","2"
"Hyundai i20 Active 1.2 SX","8"
"Honda Amaze S AT i-Vtech","2"
"Honda Amaze S i-VTEC","2"
"Maruti Swift ZDi BSIV","4"
"Hyundai Creta 1.6 CRDi SX Plus","4"
"Toyota Corolla Altis Diesel D4DGL","1"
"Volkswagen Polo 1.5 TDI Trendline","2"
"Ford Fiesta Titanium 1.5 TDCi","5"
"Ford Aspire Titanium Diesel BSIV","2"
"Audi A6 2.0 TDI Premium Plus","13"
"Toyota Fortuner 4x2 Manual","1"
"Skoda Octavia Elegance 2.0 TDI AT","4"
"Tata Indigo LX","5"
"Maruti Swift Dzire VDi","11"
"Toyota Innova Crysta 2.5 VX BS IV","1"
"Maruti Celerio ZXI","5"
"Tata Indigo CS LE (TDI) BS-III","1"
"Maruti Swift Dzire Vdi BSIV","1"
"Hyundai i20 Magna 1.2","5"
"Maruti A-Star Vxi","7"
"Ford Ecosport 1.5 DV5 MT Titanium","13"
"Audi A4 New  2.0 TDI Multitronic","1"
"Maruti Wagon R VXi BSII","1"
"Honda City i DTEC VX","7"
"Toyota Innova Crysta 2.4 VX MT","1"
"Fiat Grande Punto EVO 1.3 Active","3"
"Toyota Innova 2.5 GX (Diesel) 7 Seater BS IV","2"
"Maruti Wagon R LXI Minor","24"
"Chevrolet Cruze LT","3"
"Ford Ecosport 1.5 DV5 MT Titanium Optional","2"
"Toyota Corolla Altis Diesel D4DG","2"
"Mitsubishi Montero 3.2 MT","1"
"BMW 7 Series Signature 730Ld","1"
"Maruti Ertiga SHVS ZDI","5"
"Mahindra Bolero SLX 2WD","2"
"Ford Endeavour Titanium 4X2","1"
"Mercedes-Benz E-Class 280 CDI","1"
"Skoda Yeti Ambition 4WD","1"
"Maruti Baleno Zeta 1.2","6"
"Maruti Wagon R LX BSIII","2"
"Mahindra TUV 300 T8","3"
"Chevrolet Aveo U-VA 1.2","1"
"Honda Amaze VX AT i-Vtech","1"
"Hyundai Creta 1.4 CRDi S","1"
"Tata Manza Aura Quadrajet BS IV","2"
"Hyundai Xcent 1.2 Kappa S","5"
"Hyundai i20 Asta (o)","4"
"Hyundai Santro Xing XK","1"
"Honda Amaze S i-Vtech","3"
"Chevrolet Aveo 1.4","1"
"Honda Brio V MT","3"
"Maruti Celerio VXI","8"
"Tata Bolt Quadrajet XE","3"
"Hyundai Santa Fe 4WD AT","1"
"Maruti Zen Estilo LXI BSIII","4"
"Hyundai Creta 1.6 CRDi SX Option","6"
"Maruti Swift ZXI ABS","2"
"Tata Sumo Gold EX BSIII","2"
"Honda City i DTEC V","2"
"Fiat Linea Emotion (Diesel)","1"
"Chevrolet Beat Diesel LS","16"
"Mahindra Scorpio SLX 2.6 Turbo 8 Str","1"
"Mahindra Renault Logan 1.5 DLE Diesel","1"
"Tata Safari Storme VX","3"
"Chevrolet Tavera Neo 3 9 Str BSIII","1"
"Maruti Swift Dzire LDIX Limited Edition","1"
"Hyundai EON D Lite","5"
"Chevrolet Tavera Neo 3 Max 9 Str BSIII","1"
"Toyota Innova 2.5 G4 Diesel 7-seater","3"
"Maruti Zen Estilo 1.1 LXI BSIII","5"
"Maruti Wagon R LXI DUO BSIII","4"
"BMW X1 sDrive20d M Sport","1"
"Maruti Wagon R LX BS IV","2"
"Maruti Omni CNG","1"
"Honda Jazz 1.2 V i VTEC","1"
"Tata Indigo LS Dicor","1"
"Mahindra Xylo E4","4"
"Maruti SX4 ZDI","4"
"Maruti Ciaz VDi Plus SHVS","2"
"Maruti Ciaz ZDi SHVS","2"
"Audi A6 2.0 TDI  Design Edition","3"
"Hyundai i20 Sportz 1.2","8"
"Mahindra Scorpio 1.99 S6 Plus","2"
"Audi Q5 2.0 TFSI Quattro Premium Plus","2"
"Volkswagen Jetta 2.0 TDI Trendline","1"
"Tata Indigo CS eLS BS IV","1"
"Hyundai i10 Era","8"
"Hyundai Xcent 1.2 Kappa Base","1"
"Mercedes-Benz New C-Class C 220 CDI Grand Edition","1"
"Mercedes-Benz GL-Class 350 CDI Blue Efficiency","2"
"Tata Xenon XT EX 4X2","3"
"Maruti Alto 800 Base","3"
"Hyundai Grand i10 Asta","5"
"Maruti Ciaz VDI SHVS","2"
"Maruti Grand Vitara MT","1"
"Maruti Wagon R VXI Minor","5"
"Maruti Swift 1.3 LXI","2"
"Hyundai Verna i (Petrol)","4"
"Hyundai Santro Xing GLS","21"
"Maruti Baleno Zeta 1.3","2"
"Fiat Punto EVO 1.3 Dynamic","1"
"Hyundai Verna 1.6 CRDI","4"
"Maruti Ritz VXI","2"
"Mahindra Scorpio 2.6 CRDe SLE","2"
"Tata New Safari DICOR 2.2 GX 4x2","1"
"Mahindra Scorpio VLX 2WD BSIV","3"
"Ford Fiesta 1.5 TDCi Titanium","2"
"Tata Nano Std","1"
"Tata New Safari 4X2","2"
"Hyundai Xcent 1.2 Kappa SX","3"
"Tata Tiago 2019-2020 XE Diesel","1"
"Hyundai i20 1.4 CRDi Sportz","2"
"Tata Zest Revotron 1.2T XE","4"
"Tata Indigo LS","9"
"Hyundai Creta 1.4 CRDi Base","2"
"Toyota Corolla H6","1"
"Hyundai Santro Xing GL PLUS CNG","1"
"Mahindra KUV 100 mFALCON D75 K8 AW","1"
"Hyundai Verna CRDi","6"
"Mahindra Scorpio M2DI","7"
"Maruti Swift DDiS LDI","2"
"Mahindra Scorpio 1.99 S10","6"
"Hyundai Santro Xing XK (Non-AC)","1"
"Hyundai i20 Sportz Option 1.2","1"
"Hyundai Verna XXi (Petrol)","1"
"Tata Tiago 1.05 Revotorq XE","2"
"Honda Accord VTi-L (MT)","1"
"Toyota Innova 2.0 GX 8 STR BSIV","1"
"Maruti Ertiga VDI Limited Edition","1"
"Toyota Innova 2.5 GX 7 STR BSIV","1"
"Hyundai i20 1.4 CRDi Magna","2"
"Maruti Wagon R Stingray VXI","4"
"Fiat Linea 1.3 Emotion","2"
"Hyundai i10 Magna 1.1L","2"
"Nissan Micra Active XV","2"
"Maruti Omni 8 Seater BSIV","2"
"Jaguar XF 5.0 Litre V8 Petrol","2"
"Maruti Ciaz VXi","2"
"Ford Endeavour Titanium Plus 4X4","2"
"Volkswagen Jetta 2.0L TDI Highline AT","3"
"Maruti Zen Estilo 1.1 VXI BSIII","2"
"Hyundai Grand i10 Magna AT","11"
"Honda Amaze VX i-DTEC","9"
"Maruti Zen Estilo VXI BSIII","3"
"Mahindra Scorpio S10 7 Seater","3"
"Hyundai Grand i10 1.2 Kappa Magna AT","14"
"Honda City i VTEC S","1"
"Mahindra Bolero B4","1"
"Toyota Innova 2.5 Z Diesel 7 Seater BS IV","3"
"Mahindra Scorpio 2.6 Turbo 7 Str","2"
"Maruti Swift Dzire LXI Option","1"
"Skoda Rapid Monte Carlo 1.6 MPI AT BSIV","1"
"Nissan Micra Diesel XV Primo","1"
"Renault KWID Climber 1.0 AMT BSIV","3"
"Maruti Wagon R VXI AMT1.2BSIV","2"
"Volkswagen Vento 1.5 TDI Highline Plus AT","2"
"Mercedes-Benz New C-Class 200 CDI Classic","1"
"Toyota Fortuner 2.8 4WD AT BSIV","3"
"Mercedes-Benz S-Class S 350d Connoisseurs Edition","1"
"Tata Nano Twist XE","2"
"Renault Duster 85PS Diesel RxZ","1"
"Tata Hexa XTA","3"
"Honda Brio S Option AT","1"
"Toyota Camry Hybrid 2.5","2"
"Maruti Omni E MPI STD BS IV","7"
"Hyundai Verna SX CRDi AT","2"
"Ford Fiesta Petrol Trend","1"
"Hyundai Verna 1.4 CRDi","1"
"Skoda Rapid 1.6 MPI Elegance","1"
"Hyundai Verna SX","2"
"Mitsubishi Outlander 2.4","1"
"Ford Fiesta Diesel Trend","1"
"BMW X1 sDrive 20d xLine","5"
"Maruti Celerio ZXI Optional AMT BSIV","1"
"Nissan Terrano XL 110 PS","3"
"Maruti Ciaz 1.4 AT Zeta","4"
"Nissan Terrano XL P","1"
"Maruti Swift Dzire LDI","9"
"Hyundai i20 1.2 Magna","3"
"BMW 5 Series 520d Luxury Line","4"
"Honda Amaze S i-Dtech","7"
"Maruti Celerio ZXI AT","1"
"Skoda Rapid 1.5 TDI AT Style BSIV","1"
"Mahindra Bolero SLE BSIII","1"
"Hyundai Tucson 2.0 e-VGT 2WD MT","2"
"Skoda Fabia 1.2 MPI Ambition Plus","2"
"Chevrolet Sail LS ABS","1"
"Nissan Sunny XL","5"
"Mahindra XUV500 AT W8 FWD","4"
"Maruti Swift ZDi","3"
"Volkswagen Polo 1.2 MPI Highline","1"
"Mercedes-Benz E-Class E250 CDI Blue Efficiency","1"
"Maruti Swift ZXI","2"
"Skoda Laura Ambiente 1.9 PD","1"
"Datsun GO T BSIV","2"
"Chevrolet Cruze LTZ AT","5"
"Renault KWID AMT","1"
"Volkswagen Polo 1.5 TDI Highline","3"
"Toyota Camry 2.5 Hybrid","1"
"Hyundai EON Sportz","4"
"Tata Nano CX","1"
"Mahindra Scorpio EX","3"
"Tata New Safari 4X4 EX","1"
"Mahindra Scorpio VLX 2WD AIRBAG BSIV","3"
"Mahindra Quanto C6","8"
"Mercedes-Benz New C-Class C 220 CDI Avantgarde","1"
"Honda City i DTEC E","1"
"Hyundai Santro Xing XK eRLX EuroIII","1"
"Volkswagen Polo GTI","4"
"Tata New Safari 4X4","1"
"Renault KWID 1.0 RXL","2"
"Maruti Zen Estilo LX BSIII","1"
"Hyundai Verna VTVT 1.6 AT SX Option","3"
"Fiat Grande Punto EVO 90HP 1.3 Sport","1"
"Ford Fiesta 1.6 ZXi Duratec","2"
"Chevrolet Sail 1.2 Base","5"
"Mahindra Xylo D4","7"
"Tata Manza Club Class Quadrajet90 LS","2"
"Skoda Laura Ambiente 2.0 TDI CR MT","13"
"Jaguar XF 3.0 Litre S Premium Luxury","2"
"Toyota Innova 2.5 GX 7 STR","1"
"Chevrolet Beat Diesel PS","2"
"Renault Pulse RxZ Optional","1"
"Tata Indica Vista Aqua 1.3 Quadrajet ABS BSIV","1"
"Chevrolet Enjoy TCDi LT 8 Seater","2"
"Skoda Superb LK 1.8 TSI AT","1"
"Maruti A-Star AT VXI","1"
"Maruti SX4 Zxi BSIII","3"
"Hyundai i20 Asta (o) 1.4 CRDi (Diesel)","1"
"Hyundai Grand i10 CRDi Sportz","6"
"Hyundai Grand i10 Asta Option","6"
"Honda Brio Exclusive Edition","1"
"Mahindra Renault Logan 1.5 DLX Diesel","1"
"Volvo XC60 D3 Kinetic","1"
"Maruti SX4 Vxi BSIII","2"
"Maruti Swift VXI with ABS","1"
"Nissan Sunny Diesel XL","3"
"Honda Brio 1.2 S MT","5"
"Maruti SX4 Zxi with Leather BSIII","2"
"Hyundai EON Era Plus Option","4"
"Maruti Wagon R AX","1"
"Ford Figo Petrol EXI","1"
"Land Rover Range Rover Evoque 2.2L Dynamic","1"
"Ford EcoSport 1.5 Petrol Titanium BSIV","2"
"Tata New Safari DICOR 2.2 VX 4x4","1"
"Skoda Rapid 1.5 TDI Ambition","2"
"Renault Koleos 2.0 Diesel","1"
"Honda Mobilio V i VTEC","2"
"Honda Civic 1.8 MT Sport","1"
"Force One EX","1"
"Ford Fiesta 1.4 ZXi Leather","1"
"Audi A4 1.8 TFSI","1"
"Maruti Alto K10 VXI AGS","3"
"Toyota Innova 2.5 VX 8 STR BSIV","1"
"Tata Indigo Classic Dicor","2"
"Mahindra Scorpio 2.6 Turbo 9 Str","1"
"Maruti Celerio VXI AT","3"
"Maruti Alto 800 LXI Airbag","2"
"Skoda Laura Ambiente 2.0 TDI CR AT","1"
"Tata New Safari DICOR 2.2 GX 4x2 BS IV","5"
"Maruti Ignis 1.2 AMT Delta BSIV","1"
"BMW 3 Series GT Luxury Line","1"
"Toyota Fortuner 2.8 2WD AT BSIV","3"
"Maruti Ertiga ZXI","1"
"Maruti Swift Dzire 1.2 Vxi BSIV","4"
"Maruti Swift Dzire ZDI","11"
"Maruti Swift Dzire LDi","2"
"Ford Fiesta Classic 1.6 Duratec CLXI","1"
"Toyota Etios Liva 1.4 VD","3"
"Honda Amaze VX O iDTEC","3"
"Ford Endeavour 3.2 Titanium AT 4X4","7"
"Toyota Etios Liva VX","1"
"Mahindra Scorpio SLE BS IV","1"
"Nissan Terrano XL 85 PS","5"
"Mahindra Xylo D2 Maxx","1"
"Renault KWID Climber 1.0 AMT","1"
"Ford Ecosport 1.5 Petrol Ambiente","2"
"Chevrolet Tavera Neo 3 10 Seats BSIV","2"
"Volkswagen Polo 1.0 MPI Trendline","2"
"Volkswagen Vento 1.5 TDI Comfortline","2"
"Mahindra Scorpio S4 4WD","3"
"Honda City i DTEC SV","3"
"Ford Fiesta 1.5 TDCi Ambiente","1"
"Maruti Swift Vdi BSIII","12"
"Fiat Palio 1.2 Sport","1"
"Renault KWID RXL BSIV","3"
"Ford Aspire Titanium BSIV","2"
"Maruti Ertiga BSIV VXI AT","1"
"Hyundai Verna 1.6 CRDi AT SX","1"
"Honda City i-DTEC SV","3"
"Maruti Eeco 7 Seater Standard BSIV","6"
"Chevrolet Sail 1.2 LT ABS","2"
"Nissan Terrano XL Plus 85 PS","6"
"Chevrolet Enjoy TCDi LS 8 Seater","1"
"Volvo XC 90 D5 Inscription BSIV","1"
"Maruti Swift 1.2 DLX","4"
"Renault Scala Diesel RxL","5"
"Toyota Innova 2.5 G4 Diesel 8-seater","1"
"Maruti Ritz VXi","3"
"Hyundai Getz GLE","1"
"Renault Fluence 1.5","3"
"Mahindra TUV 300 mHAWK100 T8","3"
"Hyundai i20 1.2 Spotz","5"
"Volkswagen Jetta 1.9 Highline TDI","3"
"Skoda Rapid 1.6 MPI AT Ambition BSIV","2"
"Hyundai Getz 1.3 GLS","3"
"Tata Aria Pure LX 4x2","1"
"Maruti Swift VDi BSIII W/ ABS","1"
"Mahindra XUV500 W8 4WD","9"
"Honda City i DTEC S","4"
"Tata New Safari Dicor EX 4X2 BS IV","1"
"Volkswagen Vento Diesel Comfortline","2"
"Audi A6 2.8 FSI","1"
"Tata Indica Vista Quadrajet 90 VX","2"
"Honda City 1.5 V AT Exclusive","1"
"Hyundai EON 1.0 Era Plus","8"
"Mercedes-Benz E-Class 280 CDI Elegance","1"
"Hyundai EON Magna","2"
"Honda City i-VTEC SV","1"
"Tata Indigo TDI","8"
"Mahindra XUV500 AT W6 2WD","1"
"Maruti Wagon R Stingray LXI","1"
"Tata Nano Cx BSIII","3"
"Renault Lodgy Stepway 85PS RXZ 8S","2"
"Ford Ecosport 1.0 Ecoboost Titanium","1"
"Maruti Wagon R VXI Optional","5"
"Hyundai Getz 1.5 CRDi GVS","3"
"Maruti Swift Dzire AMT ZXI Plus BS IV","1"
"Renault Captur 1.5 Diesel RXT","3"
"Maruti Swift LXi BSIV","2"
"Ford EcoSport 1.5 Diesel Titanium Plus BSIV","9"
"Maruti Zen Estilo Sports","3"
"Volkswagen Polo Petrol Comfortline 1.2L","3"
"Honda Brio S MT","6"
"Skoda Rapid 1.5 TDI AT Ambition BSIV","1"
"Toyota Corolla Altis D-4D J","2"
"Volkswagen Vento 1.6 Highline","2"
"Tata Safari Storme EX","4"
"Toyota Innova 2.5 GX (Diesel) 7 Seater","3"
"Fiat 500 Lounge","1"
"Toyota Camry M/t","1"
"Skoda Laura Ambiente","1"
"Volkswagen Ameo 1.5 TDI Highline 16 Alloy","1"
"Hyundai Creta 1.6 SX Automatic","1"
"Hyundai Xcent 1.2 CRDi E","3"
"Honda WR-V i-DTEC VX","5"
"Audi Q3 35 TDI Quattro Technology","2"
"Tata Nano LX SE","3"
"Datsun RediGO 1.0 S","3"
"Hyundai Creta 1.6 SX Option","3"
"Hyundai Verna 1.6 VTVT","4"
"Tata Zest Revotron 1.2 XT","2"
"Toyota Innova Crysta 2.8 ZX AT BSIV","2"
"Honda BRV i-VTEC V MT","1"
"Tata Indigo GLE BSIII","1"
"Ford Figo 1.5P Titanium AT","2"
"Tata Indica Vista Aura Plus 1.3 Quadrajet","2"
"Datsun GO Plus T","2"
"Hyundai i10 Era 1.1","4"
"Toyota Etios Liva 1.2 G","1"
"Chevrolet Aveo U-VA 1.2 LT","1"
"Maruti Ciaz ZDi","1"
"Toyota Fortuner 3.0 Diesel","4"
"Renault Duster RXL AWD","1"
"Toyota Innova 2.5 GX (Diesel) 8 Seater BS IV","1"
"Maruti Wagon R VXI AMT","1"
"Ford Fiesta 1.6 Duratec EXI Ltd","1"
"Renault KWID 1.0 RXT Optional","17"
"Honda Civic 1.8 V MT","2"
"Maruti Omni BSIII 8-STR W/ IMMOBILISER","2"
"Mitsubishi Pajero Sport 4X4","2"
"Hyundai i10 Magna 1.1","4"
"Tata Indigo LX Dicor","3"
"Toyota Innova 2.5 GX 8 STR BSIV","3"
"Maruti Baleno Delta 1.3","2"
"Toyota Corolla Altis 1.8 J","2"
"Hyundai Elite i20 Asta Option CVT BSIV","3"
"Toyota Corolla Altis Diesel D4DJ","1"
"Maruti Swift Dzire Tour LDI","1"
"Hyundai i10 Magna LPG","3"
"Mahindra Scorpio VLS 2.2 mHawk","2"
"Mahindra Scorpio LX BSIV","2"
"Honda City 1.5 V Elegance","1"
"Mahindra XUV500 AT W10 1.99 mHawk","1"
"Hyundai i20 Magna Optional 1.4 CRDi","4"
"Mahindra Thar CRDe AC","1"
"Ford Figo 1.2P Titanium Plus MT","1"
"Mahindra XUV500 AT W10 AWD","2"
"Ambassador Grand 1800 ISZ MPFI PW CL","1"
"Honda Mobilio V i DTEC","4"
"Tata Indigo Grand Dicor","3"
"Ford Figo Aspire 1.5 Ti-VCT Titanium","1"
"Hyundai Grand i10 1.2 CRDi Sportz Option","3"
"Hyundai Grand i10 Asta Option AT","1"
"Toyota Innova 2.5 EV Diesel PS 7 Seater BSIII","1"
"Hyundai EON LPG Magna Plus","3"
"Hyundai Accent Executive CNG","2"
"Nissan Terrano XL","1"
"Skoda Rapid 1.5 TDI Elegance","1"
"Maruti Swift Dzire AMT VDI","4"
"Volkswagen Vento 1.5 Highline Plus AT 16 Alloy","1"
"Maruti Eeco 5 Seater AC BSIV","9"
"Honda BR-V i-VTEC VX MT","3"
"Maruti Alto K10 VXI Airbag","4"
"Toyota Innova 2.5 GX (Diesel) 8 Seater","2"
"Renault Duster 110PS Diesel RxZ AWD","1"
"Hyundai EON Era Plus Sports Edition","2"
"Tata Manza Club Class Quadrajet90 EX","1"
"Hyundai i10 Sportz 1.1L","5"
"Toyota Innova 2.5 G1 BSIV","2"
"Maruti Ciaz ZDi Plus SHVS","3"
"Chevrolet Tavera Neo 2 LS B4 7 Str BSIII","2"
"Maruti Alto K10 VXI Optional","1"
"Toyota Innova 2.5 VX (Diesel) 7 Seater","4"
"Maruti Swift VXi BSIV","2"
"Mahindra Xylo E9","1"
"Maruti Ertiga VXI CNG","3"
"Tata New Safari 3L Dicor LX 4x2","1"
"Hyundai EON D Lite Plus","5"
"Toyota Innova 2.5 V Diesel 8-seater","6"
"Ford EcoSport 1.5 Diesel Trend Plus BSIV","1"
"Hyundai i20 2015-2017 Sportz Option 1.4 CRDi","1"
"Tata Indigo CS Emax CNG GLX","1"
"Maruti Wagon R VXI BS IV with ABS","2"
"Maruti Ertiga VXI","14"
"Maruti Wagon R DUO LPG","1"
"Renault Duster 110PS Diesel RxZ Plus","1"
"Maruti Swift Dzire ZXI Plus","2"
"Maruti SX4 Celebration Petrol","2"
"Mahindra Bolero Power Plus SLX","13"
"Tata Tiago 1.2 Revotron XT","2"
"Chevrolet Tavera Neo 2 LT L 9 Str","1"
"Maruti Wagon R LXI LPG BSIV","1"
"Hyundai Grand i10 1.2 Kappa Asta","12"
"Maruti S-Cross Sigma DDiS 200 SH","1"
"Hyundai Verna 1.6 Xi ABS","1"
"Honda Jazz 1.5 VX i DTEC","9"
"Skoda Yeti Ambition 4X2","1"
"Honda City i VTEC SV","1"
"Chevrolet Aveo 1.4 LS","2"
"Honda City V MT","2"
"Ford Figo Aspire 1.5 TDCi Ambiente ABS","1"
"Honda WR-V i-VTEC VX","4"
"Maruti SX4 Celebration Diesel","2"
"Maruti Ciaz 1.4 Zeta","1"
"Maruti Alto 800 LX","3"
"Maruti Swift VVT VXI","2"
"Volkswagen Polo Diesel Comfortline 1.2L","2"
"Maruti Estilo LXI","1"
"Tata Indigo LS BSII","1"
"Mahindra Renault Logan 1.5 DLS","2"
"Tata Sumo Victa CX 7/9 Str BSII","1"
"Skoda Rapid 1.6 TDI Elegance","1"
"Renault Duster 110PS Diesel RxL","6"
"Hyundai i20 1.2 Asta Option","2"
"Tata Indigo Grand Petrol","6"
"Mahindra Renault Logan 1.4 GLX Petrol","2"
"Ford Fiesta 1.4 Duratec ZXI","1"
"Toyota Innova 2.5 VX 8 STR","3"
"Maruti A-Star Lxi","2"
"Hyundai i20 Magna 1.4 CRDi","1"
"Chevrolet Captiva LT","2"
"Hyundai i20 1.4 Sportz","6"
"Hyundai i20 Magna 1.4 CRDi (Diesel)","5"
"Skoda Rapid 1.6 MPI Active","1"
"Volkswagen Jetta 2.0L TDI Comfortline","3"
"Maruti Swift Ldi BSIII","2"
"Toyota Fortuner 4x4 MT","2"
"Chevrolet Aveo U-VA 1.2 LS","4"
"Volkswagen Vento New Diesel Highline","2"
"Honda Brio VX","2"
"Maruti Eeco 5 STR With AC Plus HTR CNG","5"
"Mahindra Scorpio VLX 2WD BSIII","1"
"Toyota Innova 2.5 E 8 STR","1"
"Maruti Wagon R LXI DUO BS IV","1"
"Ford Fiesta 1.4 SXi TDCi ABS","1"
"Tata Venture EX","1"
"Hyundai Santro Xing XS","3"
"Mahindra Xylo E4 BS III","1"
"Mahindra Scorpio VLX 2.2 mHawk Airbag BSIV","1"
"Fiat Grande Punto EVO 1.3 Dynamic","1"
"Chevrolet Sail Hatchback 1.3 TCDi LT ABS","1"
"Ford EcoSport 1.5 Petrol Titanium Plus AT BSIV","1"
"Hyundai Creta 1.6 SX Automatic Diesel","2"
"Tata Tiago 1.05 Revotorq XM","2"
"Audi A4 35 TDI Premium","1"
"Chevrolet Spark 1.0","4"
"Ford Endeavour XLT TDCi 4X2","1"
"Chevrolet Beat Diesel LT Option","1"
"Mahindra Xylo E8","2"
"Hyundai Santro Xing GLS Audio LPG","1"
"Honda Brio E MT","2"
"Chevrolet Optra Magnum 2.0 LS BSIII","1"
"Hyundai EON 1.0 Kappa Magna Plus","3"
"Mahindra Scorpio VLX 2WD AIRBAG SE BSIV","2"
"Honda City VX CVT","1"
"Audi Q5 3.0 TDI Quattro Technology","3"
"Maruti Swift LDI","1"
"Chevrolet Aveo U-VA 1.2 LT WO ABS Airbag","1"
"Mahindra Verito 1.5 D6 BSIII","1"
"Fiat Grande Punto Active (Diesel)","2"
"Nissan Micra XL CVT","1"
"Toyota Innova 2.5 VX (Diesel) 8 Seater BS IV","1"
"Ford EcoSport 1.5 Diesel Trend BSIV","2"
"Volkswagen Polo 1.2 MPI Comfortline","2"
"Hyundai Verna SX AT Diesel","2"
"Toyota Etios Liva VD","1"
"Mahindra Scorpio VLX 2WD ABS AT BSIII","1"
"Volkswagen Ameo 1.5 TDI Highline","2"
"Audi Q7 35 TDI Quattro Premium","1"
"Toyota Etios Liva GD SP","1"
"Mahindra Bolero SLE","2"
"Maruti Vitara Brezza VDi Option","4"
"Tata Sumo LX","1"
"Honda Accord 2.4 AT","1"
"Hyundai i20 Active 1.2 S","6"
"Mahindra Renault Logan 1.6 Petrol GLSX","1"
"Mahindra XUV500 AT W10 FWD","2"
"Mahindra Verito 1.5 D4 BSIV","4"
"Hyundai i20 Active 1.4 SX with AVN","1"
"Tata Aria Pleasure 4x2","1"
"Honda Amaze E i-Dtech","2"
"Honda Jazz 1.5 SV i DTEC","1"
"Mahindra Scorpio VLX 2WD AT BSIV","1"
"Hyundai Elantra CRDi S","2"
"Maruti Alto 800 CNG LXI","1"
"BMW 5 Series 525d Sedan","1"
"Mahindra TUV 300 T4 Plus","2"
"Audi A8 L 3.0 TDI quattro","1"
"Maruti SX4 ZXI AT","2"
"Maruti SX4 ZDI Leather","1"
"Fiat Grande Punto 1.3 Dynamic (Diesel)","2"
"Volkswagen Jetta 1.9 TDI Comfortline DSG","1"
"Audi A4 3.0 TDI Quattro","12"
"Audi A4 2.0 TDI 177 Bhp Premium Plus","2"
"Tata Tigor 1.2 Revotron XZ Option","3"
"Tata Tiago 1.05 Revotorq XT Option","1"
"Maruti Wagon R VXI Plus Optional","2"
"Mahindra Bolero Power Plus Plus AC BSIV PS","9"
"Mercedes-Benz E-Class E250 Edition E","1"
"Tata Tiago 1.2 Revotron XE","3"
"Audi A8 4.2 TDI","2"
"Maruti S-Cross Zeta DDiS 200 SH","14"
"Tata Manza Club Class Quadrajet90 LX","1"
"Datsun GO Plus T BSIV","2"
"Tata Indigo CS eLX BS IV","1"
"Tata Safari DICOR 2.2 EX 4x2","1"
"Nissan Sunny XV D Premium Leather","2"
"Jeep Compass 2.0 Longitude Option BSIV","2"
"Hyundai Verna 1.6 VTVT SX","12"
"Maruti Omni LPG CARGO BSIII W IMMOBILISER","2"
"Hyundai Verna CRDi SX ABS","2"
"Maruti Baleno Alpha 1.2","10"
"Ford Ikon 1.4 TDCi DuraTorq","1"
"Maruti Swift VDI Optional","4"
"Mercedes-Benz New C-Class 220 CDI AT","2"
"Hyundai Verna 1.6 i ABS","1"
"Skoda Superb 1.8 TSI","1"
"Hyundai Verna CRDi 1.6 SX","3"
"Fiat Avventura MULTIJET Emotion","2"
"BMW 3 Series 320d Sport Line","1"
"Ford Fiesta 1.4 ZXi TDCi ABS","3"
"Mahindra Xylo D4 BSIV","2"
"Maruti Swift DDiS VDI","2"
"Renault Lodgy 85PS RxL","4"
"Mahindra TUV 300 T6 Plus","3"
"Tata Indica Vista Aura 1.2 Safire","2"
"Ford Ecosport 1.5 Diesel Titanium","3"
"Hyundai i10 Sportz 1.2 AT","4"
"Mercedes-Benz B Class B180 Sports","1"
"Tata Indica Vista Terra TDI BSIII","1"
"Ford Figo Diesel Celebration Edition","5"
"Ford Ecosport 1.0 Ecoboost Platinum Edition BSIV","1"
"Maruti Swift 1.3 DLX","1"
"BMW 3 Series 320d Sport","2"
"Maruti S-Cross Alpha DDiS 200 SH","3"
"Tata Spacio SA 6 Seater","1"
"Hyundai Verna CRDi 1.6 EX","3"
"Mercedes-Benz New C-Class C 220 CDI BE Avantgare","1"
"Hyundai Grand i10 AT Asta","2"
"Hyundai i20 Magna Optional 1.2","1"
"Renault Pulse RxL","2"
"Fiat Grande Punto Emotion 90Hp","1"
"Ford Fiesta 1.4 SXi TDCi","1"
"Honda BRV i-DTEC V MT","1"
"Tata Nano Std BSII","1"
"Skoda Rapid 1.6 MPI AT Elegance Plus","1"
"Tata Sumo Victa EX 7/9 Str BSII","1"
"Fiat Linea 1.3 Multijet Emotion","1"
"Skoda Rapid 1.6 TDI Ambition","1"
"Hyundai Grand i10 CRDi Magna","5"
"Renault Duster Petrol RxL","1"
"Maruti Swift Dzire VXI","3"
"Skoda Rapid 1.5 TDI AT Ambition","2"
"Renault Duster 85PS Diesel RxL Plus","3"
"BMW 3 Series 320d Luxury Line","3"
"Mahindra Bolero Power Plus ZLX","3"
"Honda Amaze E i-DTEC","1"
"Toyota Innova Crysta 2.4 VX MT BSIV","4"
"Ford EcoSport 1.5 Ti VCT MT Trend BSIV","1"
"Tata Hexa XM","3"
"Maruti Baleno Delta 1.2","6"
"Hyundai Xcent 1.2 VTVT S AT","1"
"Tata Indigo CS LX (TDI) BS-III","2"
"Volkswagen Jetta 2.0L TDI Highline","1"
"Maruti Omni 8 Seater BSII","1"
"Hyundai Creta 1.6 Gamma SX Plus","1"
"Tata Nano Twist XT","2"
"Ford Figo Aspire 1.5 TDCi Trend","2"
"Hyundai Grand i10 1.2 Kappa Era","1"
"Mahindra Ingenio CRDe","1"
"Toyota Etios Cross 1.2L G","4"
"Hyundai Verna 1.6 CRDi SX","3"
"Toyota Etios VXD","1"
"Datsun GO Plus T Option BSIV","3"
"Maruti Baleno Delta Diesel","1"
"Maruti Swift Dzire ZXI","4"
"Chevrolet Spark 1.0 LT Option Pack w/ Airbag","1"
"Maruti Ritz VDI (ABS) BS IV","1"
"Mahindra Quanto C4","3"
"Maruti Swift Star VDI","1"
"Maruti Alto 800 LXI CNG","1"
"Ford Classic 1.4 Duratorq LXI","1"
"Volkswagen Polo 2015-2019 1.2 MPI Highline","2"
"Honda City E","1"
"Toyota Corolla Executive (HE)","1"
"Hyundai Elite i20 Sportz Plus BSIV","3"
"Tata Nano CX SE","2"
"Maruti Ertiga SHVS LDI Option","1"
"Fiat Linea Dynamic","2"
"Hyundai Grand i10 Magna","4"
"Maruti Ritz LXI","2"
"Hyundai Grand i10 1.2 Kappa Sportz Dual Tone","2"
"Honda Mobilio S i VTEC","1"
"Tata Hexa XT","3"
"Datsun RediGO T Option","7"
"Mahindra Scorpio SLE BSIII","2"
"Renault Pulse RxZ","2"
"Hyundai i20 1.4 Magna Executive","1"
"Mahindra KUV 100 D75 K6 Plus","1"
"Maruti Celerio ZDi","1"
"Chevrolet Aveo 1.4 LT BSIV","1"
"Mahindra Thar 4X4","2"
"Hyundai i10 Magna 1.1 iTech SE","1"
"Ford Fiesta Diesel Style","1"
"Tata Manza Aura Quadrajet","1"
"Hyundai Grand i10 CRDi Asta Option","1"
"Datsun GO T Option BSIV","1"
"Maruti 800 DUO AC LPG","1"
"Skoda Laura 1.9 TDI MT Ambiente","2"
"Maruti Ciaz VDi","1"
"Tata Indica Vista Aura 1.3 Quadrajet","2"
"Ford Figo Aspire 1.2 Ti-VCT Titanium Plus","4"
"Mahindra Bolero 2011-2019 SLX 2WD BSIII","1"
"Mahindra KUV 100 mFALCON D75 K8","1"
"Mahindra Verito Vibe 1.5 dCi D4","1"
"Volkswagen Vento Magnific 1.6 Highline","1"
"Ford Ecosport 1.5 DV5 MT Ambiente","1"
"Honda Jazz S","3"
"Honda City Corporate Edition","1"
"Honda Amaze E i-Vtech","1"
"Mahindra Xylo E4 ABS BS IV","1"
"Ford Figo 1.5D Titanium MT","2"
"Tata Manza Club Class Quadrajet90 VX","1"
"Toyota Etios Liva 1.2 VX","1"
"Nissan Sunny XL D","2"
"Chevrolet Enjoy TCDi LTZ 7 Seater","1"
"Tata Indica V2 2001-2011 DLS BSIII","1"
"Honda Accord 2.4 MT","2"
"Hyundai i20 Asta","4"
"Maruti Swift Glam","1"
"Maruti Swift LDI Optional","1"
"Hyundai i20 1.4 Magna ABS","1"
"Nissan Terrano XE 85 PS","1"
"Mahindra Xylo E6","1"
"Maruti Wagon R CNG LXI","1"
"Tata Nano STD","1"
"Toyota Innova Crysta 2.4 ZX MT","1"
"Chevrolet Sail Hatchback 1.3 TCDi","1"
"Mahindra Thar CRDe","3"
"Hyundai Grand i10 CRDi Asta","1"
"Ford Aspire Titanium Plus BSIV","2"
"Toyota Innova Crysta 2.4 VX MT 8S BSIV","3"
"Volkswagen Jetta 1.9 TDI Trendline","1"
"Honda City i-VTEC VX","3"
"Toyota Etios 1.4 VXD","2"
"Tata Nexon 1.5 Revotorq XZ","2"
"Honda Jazz 1.5 E i DTEC","1"
"Maruti Ciaz 1.4 Alpha","3"
"Hyundai Accent GLE CNG","2"
"Tata Nexon 1.2 Revotron XZ Plus Dual Tone","5"
"Hyundai Grand i10 1.2 Kappa Magna BSIV","4"
"Maruti S-Cross Facelift","1"
"Hyundai i20 Asta 1.4 CRDi (Diesel)","1"
"Tata New Safari DICOR 2.2 EX 4x4","1"
"Mahindra KUV 100 D75 K2","1"
"Tata Hexa XT 4X4","1"
"Honda Jazz Select Edition","1"
"Mahindra Scorpio S11 BSIV","5"
"Hyundai Accent GLE","1"
"Ford Figo 1.5 Sports Edition MT","1"
"Hyundai Verna 1.4 VTVT","3"
"Toyota Corolla Altis 1.8 VL AT","2"
"Hyundai Elantra SX","1"
"Honda Jazz Select Edition Active","1"
"Mahindra Xylo E4 8S","1"
"Hyundai Grand i10 1.2 CRDi Magna","2"
"Jaguar XJ 5.0 L V8 Supercharged","1"
"Honda City 1.5 E MT","1"
"Chevrolet Spark 1.0 PS","1"
"Honda City i-DTEC V","1"
"Mahindra Supro VX 8 Str","1"
"Datsun GO Plus A","2"
"Hyundai i20 2015-2017 Magna 1.2","1"
"Land Rover Range Rover 4.4 Diesel LWB Vogue SE","1"
"Maruti Swift LDI BSIV","1"
"Maruti Swift LXI Option","1"
"Maruti Vitara Brezza LDi Option","3"
"Mercedes-Benz E-Class E 200 CGI Elegance","1"
"Maruti Swift Dzire LDI Optional","1"
"Fiat Punto EVO 1.3 Emotion","1"
"Skoda Laura Elegance 1.9 TDI  AT","1"
"Hyundai Creta 1.6 VTVT S","4"
"Datsun GO Plus T Option","1"
"Audi Q5 2.0 TFSI Quattro","1"
"Mahindra Scorpio S6 Plus 7 Seater","1"
"Hyundai Verna 1.6 VTVT S","3"
"Maruti Swift VVT ZXI","1"
"Maruti Ertiga SHVS LDI","1"
"Hyundai i20 Magna","4"
"Maruti Alto Green LXi (CNG)","1"
"Hyundai i20 1.2 Era","1"
"Audi A6 2.7 TDI","1"
"Maruti Celerio Green VXI","3"
"Hyundai i20 1.4 Asta Option","3"
"Honda City i-DTEC ZX","1"
"Maruti Swift Dzire VDI Optional","2"
"Honda City i-DTEC VX","1"
"Toyota Etios Cross 1.4L GD","2"
"Fiat Punto 1.3 Active","1"
"Maruti Wagon R Duo Lxi","2"
"Honda City i DTec V","1"
"Skoda Fabia 1.2L Diesel Ambiente","2"
"Toyota Innova 2.5 G3","1"
"Tata Indica Vista Aura 1.3 Quadrajet BSIV","1"
"Volkswagen Ameo 1.5 TDI Comfortline","2"
"Tata New Safari DICOR 2.2 VX 4x2","1"
"Volkswagen Polo 1.5 TDI Comfortline","1"
"Maruti Baleno Sigma 1.2","2"
"Honda City i VTEC VX","1"
"Maruti Zen Estilo LXI Green (CNG)","2"
"Ford Fiesta 1.4 ZXi Duratec","1"
"Datsun GO T Petrol","3"
"Fiat Linea Emotion","1"
"Maruti Swift ZDI Plus","1"
"Maruti Ciaz VDi Plus","2"
"Hyundai Xcent 1.1 CRDi Base","5"
"Maruti Wagon R VXI Minor ABS","2"
"Ford EcoSport 1.5 Ti VCT MT Titanium BSIV","1"
"Maruti Swift ZXi BSIV","1"
"Honda Brio 1.2 E MT","1"
"Mahindra Scorpio S2 9 Seater","1"
"Honda Amaze S Diesel","1"
"Tata Xenon XT EX 4X4","1"
"Mahindra Bolero Power Plus Plus Non AC BSIV PS","1"
"Hyundai EON Magna Optional","2"
"Ford Fiesta 1.6 Duratec S","1"
"Honda Jazz 1.2 S i VTEC","1"
"Maruti Swift Dzire LXI","1"
"Ford Figo 1.5D Titanium Opt MT","1"
"Ford Figo Aspire 1.5 TDCi Titanium Plus","1"
"Nissan Terrano XE D","1"
"Nissan Micra Active XV Petrol","1"
"Tata Indigo CS LS (TDI) BS-III","1"
"Maruti Celerio VXI Optional","1"
"Skoda Rapid 1.6 MPI Ambition With Alloy Wheel","2"
"Ford EcoSport 1.5 Diesel Titanium BSIV","3"
"Tata Bolt Revotron XM","1"
"Ford Figo 1.2P Ambiente MT","1"
"Honda Mobilio E i DTEC","1"
"Tata Nano XM","1"
"Maruti Ignis 1.2 Alpha BSIV","1"
"Tata Nexon 1.2 Revotron XM","2"
"Maruti Celerio ZXI AMT BSIV","1"
"Mercedes-Benz C-Class Progressive C 220d","11"
"Chevrolet Tavera Neo 3 LS 7 C BSIII","1"
"Mahindra XUV500 W10 AWD","1"
"Hyundai Verna Transform VTVT","1"
"Hyundai Xcent 1.2 CRDi SX","1"
"Maruti Celerio VDi","2"
"Maruti Ciaz VXi Plus","1"
"Maruti Ignis 1.3 Delta","2"
"Mahindra Xylo Celebration Edition BSIV","1"
"Nissan X-Trail SLX MT","1"
"Hyundai i20 Sportz Petrol","2"
"Fiat Punto 1.4 Emotion","1"
"Tata Indica Vista Terra Quadrajet 1.3L BS IV","1"
"Tata Indica Vista Aqua 1.2 Safire BSIV","2"
"Volkswagen Jetta 1.9 L TDI","1"
"Toyota Corolla Altis 1.8 VL CVT","2"
"Hyundai Elantra 2.0 SX AT","1"
"Maruti Ignis 1.2 AMT Alpha BSIV","1"
"Hyundai Verna Transform CRDi VGT SX ABS","1"
"Mahindra Verito Vibe 1.5 dCi D6","1"
"Tata Manza Aura (ABS) Safire BS IV","2"
"Tata Sumo GX TC 8 Str","1"
"Fiat Punto 1.2 Active","1"
"Datsun GO A","1"
"Maruti Ciaz VDi Option SHVS","2"
"Tata Zest Quadrajet 1.3 XM","1"
"Honda City i-VTEC CVT ZX","3"
"Maruti Baleno Zeta Automatic","1"
"Hyundai Grand i10 1.2 Kappa Sportz AT","2"
"Tata Manza Aura Safire","2"
"Maruti Zen Estilo LX BSIV","1"
"Toyota Innova 2.5 VX (Diesel) 7 Seater BS IV","1"
"Maruti Ertiga BSIV ZXI","1"
"Volkswagen Passat 1.8 TSI MT","1"
"Ford Figo Petrol LXI","1"
"Maruti Vitara Brezza ZDi Plus AMT","2"
"Mahindra Verito 1.5 D2 BSIV","1"
"Fiat Linea Classic 1.3 Multijet","1"
"Hyundai Tucson 2.0 e-VGT 2WD AT GL","1"
"Mahindra KUV 100 mFALCON G80 K2 Plus","1"
"Ford Aspire Titanium Plus Diesel BSIV","2"
"Hyundai Verna Transform CRDi VGT ABS","1"
"Ford Freestyle Titanium Plus Diesel BSIV","2"
"Hyundai Verna 1.6 VTVT AT S Option","2"
"Hyundai Creta 1.6 CRDi AT SX Plus","2"
"Datsun GO Plus A Option Petrol","1"
"Ford Figo Titanium Diesel BSIV","1"
"Volkswagen Vento 1.5 TDI Highline AT","1"
"Mahindra TUV 300 T8 AMT","1"
"Maruti Vitara Brezza ZDi Plus AMT Dual Tone","3"
"Maruti Swift ZXI Plus","4"
"Mercedes-Benz E-Class Exclusive E 200 BSIV","2"
"Hyundai Grand i10 1.2 Kappa Sportz BSIV","7"
"Honda Jazz 1.2 VX i VTEC","2"
"Hyundai Sonata CRDi M/T","1"
"Hyundai Creta 1.4 CRDi S Plus","1"
"Honda City i-VTEC CVT VX","1"
"Land Rover Discovery Sport SD4 HSE Luxury","1"
"Maruti Wagon R AMT VXI Option","1"
"Volvo V40 D3 R Design","1"
"Audi A4 30 TFSI Technology","2"
"Tata Indica V2 DLS BSII","1"
"Maruti Baleno Delta Automatic","3"
"Toyota Etios 1.5 V","2"
"Fiat Linea T Jet Emotion","3"
"Chevrolet Tavera Neo LS B3 - 7(C) seats BSIII","1"
"Datsun RediGO AMT 1.0 S","1"
"Maruti Alto K10 VXI AGS Optional","1"
"Audi RS7 2015-2019 Sportback Performance","1"
"Mercedes-Benz GLS 2016-2020 350d 4MATIC","1"
"Toyota Fortuner 2.7 2WD AT","1"
"Maruti Celerio VXI AMT BSIV","2"
"Isuzu D-Max V-Cross Standard","1"
"Tata Tiago XZA AMT","2"
"Honda Jazz VX CVT","1"
"Hyundai i20 Active 1.4 SX","2"
"Datsun redi-GO AMT 1.0 T Option","1"
"Volkswagen Vento Celeste 1.5 TDI Highline AT","1"
"Toyota Innova Crysta 2.8 GX AT BSIV","1"
"Toyota Corolla Altis G AT","1"
"Land Rover Discovery Sport TD4 HSE 7S","1"
"Ford Figo 1.5D Ambiente ABS MT","1"
"Honda City i-VTEC ZX","3"
"Maruti Swift Dzire AMT VXI","1"
"Maruti Alto K10 LXI CNG Optional","1"
"Tata Tigor 1.2 Revotron XT","3"
"Honda Amaze VX Diesel BSIV","5"
"Ford Figo Trend","2"
"Mahindra XUV500 W11 AT BSIV","1"
"Maruti Swift AMT VXI","2"
"Maruti Swift Dzire ZXI 1.2 BS IV","1"
"Honda Amaze VX i-VTEC","4"
"Ford Ecosport 1.5 Petrol Titanium Plus AT","1"
"Honda Jazz 1.5 S i DTEC","1"
"Tata Tiago 1.2 Revotron XTA","1"
"Tata Tiago 1.2 Revotron XZ","6"
"Honda Amaze S i-DTEC","1"
"Tata Bolt Revotron XE","1"
"Honda Amaze VX Petrol BSIV","2"
"Hyundai i20 Asta Option 1.2","1"
"Hyundai Xcent 1.2 VTVT E Plus","1"
"Tata Zest Quadrajet 1.3","1"
"Hyundai Santro Asta","1"
"Renault KWID RXE","2"
"Hyundai Creta 1.6 VTVT AT SX Plus","2"
"Mahindra XUV500 W7 AT BSIV","1"
"Toyota Etios Liva 1.2 V","1"
"Maruti Baleno Alpha CVT","1"
"Honda Amaze V CVT Petrol BSIV","2"
"Maruti Swift ZDI","1"
"Honda CR-V Diesel 4WD","1"
"Volkswagen CrossPolo 1.2 MPI","1"
"Hyundai Xcent 1.1 CRDi S","1"
"Land Rover Discovery S 2.0 SD4","1"
"Nissan Terrano XL Plus ICC WT20 SE","1"
"Hyundai Verna CRDi 1.6 AT EX","2"
"Toyota Innova Crysta 2.4 GX AT","2"
"Hyundai Verna CRDi 1.6 AT SX Option","1"
"Datsun GO Plus Remix Limited Edition","1"
"Hyundai Verna CRDi 1.6 SX Option","7"
"Mahindra Marazzo M8 8Str","2"
"Hyundai Elite i20 Diesel Asta Option","2"
"Mahindra XUV500 W7","1"
"Maruti Ignis 1.2 Zeta BSIV","2"
"Maruti Ciaz Sigma BSIV","1"
"Maruti Ciaz S 1.3","1"
"Tata Tiago 1.05 Revotorq XZ Plus","1"
"Maruti Ertiga VXI Petrol","1"
"Hyundai Elite i20 Petrol Asta Option","1"
"Mahindra XUV500 W7 BSIV","2"
"Mahindra Scorpio BSIV","2"
"Hyundai EON Magna Plus Option","1"
"Hyundai Creta 1.6 E Plus","1"
"Maruti Baleno RS 1.0 Petrol","1"
"Ford EcoSport 1.5 Ti VCT MT Titanium BE BSIV","2"
"Hyundai Xcent 1.2 CRDi S","1"
"Hyundai i20 1.2 Asta Dual Tone","1"
"Hyundai Elite i20 Petrol Magna Exective","1"
"Honda Amaze V Diesel BSIV","1"
"Datsun GO Plus T Option Petrol","2"
"Hyundai Creta 1.4 E Plus","2"
"Mahindra Thar DI 4X2","1"
"Ford EcoSport 1.5 Diesel Ambiente BSIV","1"
"Maruti Vitara Brezza LDi","1"
"Toyota Yaris G","1"
"Hyundai i20 Active S Diesel","2"
"Mahindra Scorpio S7 140 BSIV","2"
"Volkswagen Ameo 1.5 TDI Highline Plus 16","1"
"Mahindra TUV 300 T10","1"
"Mahindra TUV 300 Plus P4","1"
"Hyundai Verna VTVT 1.6 SX","1"
"Hyundai Xcent 1.2 VTVT S","3"
"Mahindra KUV 100 G80 K2","2"
"Renault Captur 1.5 Diesel RXT Mono","1"
"Datsun RediGO 1.0 T Option","1"
"Volkswagen Ameo 1.2 MPI Trendline","1"
"Mahindra Bolero Power Plus SLE","1"
"Maruti Ciaz 1.3 Delta","1"
"Honda Brio 1.2 VX MT","2"
"Maruti Vitara Brezza ZDi Plus Dual Tone","1"
"Maruti Alto 800 LXI Opt BSIV","1"
"Ford Ecosport 1.5 DV5 MT Trend","1"
"Maruti Omni Maruti Omni MPI STD BSIII 5-STR W/ IMMOBILISER","1"
"Skoda Rapid 1.5 TDI Ambition BSIV","1"
"Mahindra TUV 300 T10 Dual Tone","1"
"Ford EcoSport 1.5 TDCi Titanium Plus BE BSIV","1"
"Ford Figo Aspire Facelift","2"
"Fiat Avventura Urban Cross 1.3 Multijet Emotion","1"
"Mahindra Xylo H8 ABS with Airbags","1"
"Honda City Edge Edition Diesel SV","1"
"Honda BR-V i-VTEC S MT","1"
"Maruti Ciaz 1.4 Delta","2"
"Hyundai Grand i10 1.2 CRDi Asta","5"
"Honda Jazz 1.5 V i DTEC","1"
"Maruti Vitara Brezza ZDi","2"
"Mahindra KUV 100 G80 K4 Plus","1"
"Tata Tigor 1.2 Revotron XM","2"
"Maruti Swift Dzire VXI 1.2 BS IV","1"
"Mahindra XUV500 W5 BSIV","1"
"Mahindra Marazzo M4","1"
"Toyota Innova Crysta 2.4 GX MT 8S BSIV","1"
"Hyundai Santro Sportz AMT","2"
"BMW X5 xDrive 30d xLine","11"
"Mahindra Alturas G4 4X2 AT BSIV","1"
"Skoda Laura Elegance 2.0 TDI CR AT","1"
"Honda Amaze S CVT Petrol","1"
"Hyundai Elite i20 Asta Option BSIV","2"
"Tata Tiago 2019-2020 XZ","1"
"Maruti Ertiga ZDI Plus","2"
"Renault Triber RXT BSIV","1"
"Hyundai Elite i20 Magna Plus Diesel","1"
"Volkswagen Vento 1.5 TDI Highline BSIV","1"
"Volkswagen Vento 1.5 TDI Highline Plus AT BSIV","1"
"Mahindra XUV500 W11 Option AT AWD","1"
"Ford Figo Aspire Titanium Plus Diesel","1"
"Hyundai Elite i20 Sportz Plus Dual Tone BSIV","2"
"Kia Seltos HTK Plus AT D","1"
"Maruti Wagon R ZXI 1.2","1"
"Volkswagen Polo GT 1.0 TSI","1"
"MG Hector Smart AT","1"
"Maruti Celerio LXI MT BSIV","3"
"Hyundai Santro Magna AMT BSIV","3"
"Nissan Kicks XV Premium D BSIV","1"
"Tata Tiago 1.2 Revotron XZA","1"
"Audi A4 35 TDI Premium Plus","1"
"Tata Nexon 1.2 Revotron XZ Plus","1"
"Maruti Celerio ZXI MT BSIV","1"
"Maruti Ertiga ZXI AT Petrol","1"
"Mahindra Marazzo M2 8Str","1"
"Maruti Swift Dzire AMT ZXI","1"
"Ford Endeavour 2.2 Titanium AT 4X2","1"
"Hyundai Elite i20 Sportz Plus CVT BSIV","1"
"Tata Nexon 1.5 Revotorq XM","1"
"Hyundai Creta 1.6 SX","1"
"Datsun RediGO SV 1.0","1"
"Maruti S-Cross Delta DDiS 200 SH","1"
"Mahindra Xylo H4","2"
"Mahindra Scorpio S9 BSIV","1"
"Ford Figo 1.2P Titanium MT","2"
"Maruti Eeco CNG 5 Seater AC BSIV","3"
"Maruti Alto 800 Std Optional","1"
"Maruti Celerio X ZXI BSIV","1"
"Hyundai Santro Magna CNG BSIV","1"
"Nissan Kicks XL D BSIV","1"
"Hyundai Santro Magna BSIV","2"
"Maruti Ignis 1.2 Delta BSIV","2"
"Toyota Corolla Altis 1.8 GL","1"
"Maruti Ignis 1.2 Sigma BSIV","2"
"Tata Harrier XZ BSIV","3"
"Hyundai Santro Sportz BSIV","2"
"Ford Freestyle Trend Petrol BSIV","1"
"Honda Brio 1.2 S Option MT","1"
"Ford Freestyle Titanium Diesel","2"
"Ford Freestyle Titanium Plus Diesel","1"
"Maruti Baleno Alpha","2"
"Renault KWID RXT BSIV","1"
"Ford Ecosport 1.5 Petrol Titanium Plus","1"
"Maruti S-Presso VXI Plus","1"
"Honda Jazz V","1"
"Maruti Ciaz Zeta BSIV","1"
"MG Hector Sharp Diesel MT BSIV","1"
"Mahindra Thar CRDe ABS","1"
"Tata Tiago NRG Petrol","2"
"Hyundai Venue SX Opt Diesel","2"
"Hyundai Elite i20 Diesel Era","1"
"Jeep Compass 1.4 Sport Plus BSIV","1"
"Maruti Ertiga 1.5 VDI","2"
"Ford Ecosport 1.5 Diesel Titanium Plus","1"
"Hyundai Santro Era","1"
"Honda WR-V i-DTEC V","1"
"Mahindra XUV300 W8 Option","1"
"Maruti Eeco 5 Seater Standard BSIV","1"
"Maruti Alto 800 LXI Optional","1"
"Maruti Alto 800 CNG LXI Optional","1"
"Mahindra XUV300 W8 Option Diesel BSIV","1"
"Hyundai Grand i10 Nios AMT Magna","1"
"Mahindra Scorpio S5 BSIV","1"
"Audi A5 Sportback","1"
"Ford Ecosport Sports Petrol","1"
"Tata Altroz XE","1"
"Renault KWID Climber 1.0 MT Opt BSIV","1"
"Hyundai Creta 1.4 EX Diesel","2"
"Hyundai Venue SX Opt Turbo BSIV","1"
"Maruti Alto K10 LX","1"
"Hyundai Elite i20 Magna Plus BSIV","1"
"Ford Freestyle Titanium Plus","1"
"Ford Ecosport Thunder Edition Diesel","1"
"Ford Freestyle Titanium","1"
"Ford EcoSport 1.5 TDCi Titanium Plus BSIV","1"
"Ford Ecosport 1.5 Petrol Trend","1"
"Hyundai Grand i10 Nios Sportz","1"
"Ford Figo Titanium","2"
"Mahindra XUV500 W11 Option AWD","2"
"Tata Harrier XE","1"
"Volkswagen Polo 1.0 TSI Highline Plus","1"
"Hyundai Grand i10 Nios Magna CRDi","1"
"Honda Amaze S Petrol BSIV","1"
"Maruti Alto K10 LXI CNG","1"
"Tata Altroz XZ","1"
